TP,FP,FN,TN,Recall,Precision,F-Measure,Specificity,RAND,NMI
13197,53,6512,3103988,0.66959257,0.996,0.80081313,0.99998293,0.99789836,0.71986084
