TP,FP,FN,TN,Recall,Precision,F-Measure,Specificity,RAND,NMI
31144,213,32459,12408699,0.48966244,0.99320726,0.65593934,0.99998283,0.99738048,0.49066706
