TP,FP,FN,TN,Recall,Precision,F-Measure,Specificity,RAND,NMI
7113,88,3797,3112752,0.65197067,0.98777948,0.78548948,0.99997173,0.9987563,0.7373871
