TP,FP,FN,TN,Recall,Precision,F-Measure,Specificity,RAND,NMI
17159,914,5029,12459404,0.77334595,0.94942732,0.85238817,0.99992665,0.99952389,0.81451312
