TP,FP,FN,TN,Recall,Precision,F-Measure,Specificity,RAND,NMI
10040,3519,6584,12477357,0.6039461,0.74046759,0.66527515,0.99971805,0.9991916,0.7091194
