TP,FP,FN,TN,Recall,Precision,F-Measure,Specificity,RAND,NMI
2820,300,1550,3121580,0.64530892,0.90384615,0.75300401,0.9999039,0.99940824,0.78425722
